Time,Susceptible,Infected,Recovered,Susceptible_m,Infected_m,Recovered_m
0.0,0.95,0.05,0.0,0.95,0.05,0.0
0.07040130748820261,0.9472778023110366,0.05200664620013301,0.0007155514888303045,0.9472876894159695,0.05200665586073373,0.0007056547232967343
0.17040130748820262,0.9432458805297764,0.0549813360673866,0.0017727834028369504,0.9433034523864321,0.05498148030477455,0.0017150673087932972
0.2704013074882026,0.9390128488221438,0.058106962895313974,0.0028801882825421994,0.9391565347793859,0.05810756852428489,0.002735896696329199
0.37040130748820266,0.9345706997795562,0.06138897524692349,0.004040324973520196,0.9348371708758518,0.061390607697951,0.0037722214261970877
0.47040130748820264,0.9299114059074767,0.06483275936702,0.005255834725503257,0.9303349686351752,0.06483625870140416,0.00482877266342054
0.5704013074882026,0.925026958822608,0.06844360240562537,0.0065294387717665815,0.9256389791983045,0.06845011844551774,0.0059109023561776195
0.6704013074882026,0.9199094128576065,0.0722266519780632,0.007863935164330217,0.9207377695975777,0.07223767753069749,0.007024552871724708
0.7704013074882026,0.9145509331824918,0.07618687201853458,0.009262194798973502,0.9156194983222711,0.07620427300145564,0.008176228676273153
0.8704013074882025,0.9089438485004377,0.0803289949352117,0.010727156564350446,0.9102719939345927,0.08035503602437466,0.009372970041032519
0.9704013074882025,0.9030807083140128,0.08465747013509412,0.01226182155089303,0.9046828374437257,0.08469483436565035,0.01062232819062386
1.0704013074882026,0.8969543446857878,0.0891764090563476,0.013869246257864459,0.8988394496110095,0.08922820961445443,0.011932340774536029
1.1704013074882027,0.8905579383343751,0.09388952692457693,0.01555253474104785,0.8927291847667906,0.09395930918818902,0.013311506045020283
1.2704013074882028,0.8838850888135377,0.09880008153716711,0.017314829649295125,0.8863394330608111,0.09889181326815935,0.014768753671029556
1.3704013074882029,0.876929888418527,0.103910809475801,0.019159302105671905,0.8796577333356931,0.10402885695199263,0.01631340971231429
1.470401307488203,0.869686999351202,0.10922386025044338,0.021089140398354557,0.8726718989982477,0.10937294807471312,0.017955152927039173
1.570401307488203,0.8621517335551975,0.11474072898692762,0.023107537457874867,0.865370159354101,0.11492588134563048,0.019703959300268525
1.6704013074882031,0.8543201345064263,0.12046218838273448,0.025217677110839158,0.8577413188514277,0.12068864967411787,0.02157003147445449
1.7704013074882032,0.8461890601150747,0.12638822076902706,0.02742271911589824,0.8497749365284248,0.12666135381367571,0.02356370965789952
1.8704013074882033,0.837756265766143,0.1325179512283757,0.029725783005481208,0.8414615276507029,0.13284311173834182,0.025695360610955304
1.9704013074882034,0.8290204864002362,0.13884958282323212,0.03212993077653169,0.8327927890291441,0.13923196947412722,0.027975241496728746
2.0704013074882033,0.8199815164189839,0.14538033508599063,0.03463814849502552,0.8237618487939428,0.14582481543337958,0.030413335772677713
2.1704013074882034,0.8106402860949203,0.15210638700293375,0.0372533269021459,0.8143635404352855,0.1526173006308836,0.03301915893383099
2.2704013074882035,0.8009989330789237,0.1590228257867781,0.03997824113429824,0.8045946996792465,0.159603767482062,0.03580153283869163
2.3704013074882035,0.791060867534651,0.1661236027711247,0.04281552969422431,0.7944544812332228,0.16677719017629625,0.038768328590481085
2.4704013074882036,0.7808308293940015,0.17340149777020428,0.0457676728357942,0.7839446906097614,0.17412912985798631,0.04192617953225252
2.5704013074882037,0.7703149362253986,0.18084809322459952,0.048836970550001885,0.7730701241461663,0.18164970800607336,0.04528016784776055
2.670401307488204,0.7595207202419701,0.18845375939444992,0.05202552036357995,0.7618389080363464,0.1893276014475286,0.0488334905161252
2.770401307488204,0.7484571530530274,0.19620765176323707,0.05533519518373558,0.7502628247751549,0.19715006233817348,0.05258711288667177
2.870401307488204,0.7371346568819708,0.2040977216760161,0.05876762144201318,0.7383576130201831,0.20510296616220716,0.05653942081760989
2.970401307488204,0.7255651011378508,0.21211074105573138,0.06232415780641786,0.7261432246806591,0.2131708903109737,0.06068588500836737
3.070401307488204,0.7137617834355929,0.22023234182148926,0.06600587474291789,0.713644021265738,0.2213372250807086,0.06501875365355352
3.1704013074882043,0.7017393944088549,0.22844707037657866,0.06981353521456655,0.7008888904117164,0.22958431796955617,0.06952679161872752
3.2704013074882043,0.6895139659451927,0.23673845724668952,0.07374757680811793,0.6879112633178269,0.2378936509642166,0.07419508571795656
3.3704013074882044,0.67710280278933,0.24508910163701592,0.07780809557365419,0.674749014798994,0.24624604911518466,0.07900493608582146
3.4704013074882045,0.6645243977987133,0.25348077034923605,0.08199483185205081,0.661444230014458,0.25462191715919197,0.08393385282635012
3.5704013074882046,0.6517983314864816,0.26189451016559717,0.08630715834792142,0.6480428257806936,0.26300149933479694,0.08895567488450945
3.6704013074882047,0.6389451568395514,0.2703107724783903,0.09074407068205838,0.634594019743507,0.2713651559506839,0.09404082430580904
3.770401307488205,0.6259862707419954,0.27870954863041375,0.09530418062759093,0.6211496474481252,0.27969364882141023,0.09915670373046458
3.870401307488205,0.6129437736543089,0.28707051414707085,0.09998571219862042,0.6077633352328486,0.2879684265054507,0.10426823826170066
3.970401307488205,0.5998403194858671,0.29537317979445343,0.10478650071967961,0.5944895454493938,0.29617189948559075,0.10933855506501541
4.070401307488205,0.5866989578401367,0.3035970471999439,0.1097039949599196,0.581382519209132,0.3042876951259052,0.11432978566496282
4.170401307488205,0.5735429710007615,0.3117217666306961,0.11473526236854265,0.568495149994703,0.3123008824970797,0.11920396750821732
4.270401307488204,0.5603957081542281,0.3197272944468795,0.1198769973988927,0.5558778283422257,0.3201981580159351,0.12392401364183925
4.370401307488204,0.547280419406525,0.3275940477343823,0.12512553285909292,0.5435773026998795,0.3279679842797859,0.1284547130203346
4.470401307488204,0.5342200921448056,0.33530305367667695,0.13047685417851765,0.5316356039204359,0.33560067642377367,0.13276371965579042
4.570401307488203,0.5212372922210808,0.3428360913459002,0.13592661643301918,0.5200890802473531,0.3430884326728043,0.13682248707984251
4.670401307488203,0.5083540122966623,0.35017582377440276,0.14147016392893516,0.508967585948477,0.3504253083429734,0.14060710570854953
4.770401307488203,0.49559152948924706,0.35730591840316184,0.14710255210759132,0.4982938600594371,0.3576071351892599,0.144099004751303
4.870401307488202,0.48297027421718636,0.36421115428358514,0.15281857149922873,0.48808312242477564,0.3646313905087513,0.14728548706647304
4.970401307488202,0.4705097118473521,0.37087751472388586,0.1586127734287623,0.4783429030255066,0.3714970226157062,0.1501600743587872
5.0704013074882015,0.45822823843507365,0.3772922644088969,0.1644794971560297,0.469073108304048,0.3782042410597757,0.15272265063617632
5.170401307488201,0.4461430915084686,0.3834440103710417,0.17041289812049001,0.4602663157913622,0.38475428115810906,0.15497940305052876
5.270401307488201,0.43427027650679767,0.38932274653848936,0.17640697695471325,0.4519082767601849,0.3911491530033153,0.15694257023649974
5.3704013074882,0.4226245091444316,0.39491988192329447,0.18245560893227414,0.44397859673024787,0.39739138509269906,0.15863001817705302
5.4704013074882,0.41121917364884253,0.40022825282773083,0.1885525735234269,0.43645155611325526,0.4034837721489613,0.16006467173778335
5.5704013074882,0.40006629652161513,0.40524211973276825,0.19469158374561688,0.42929702854239826,0.4094291356574955,0.16127383580010612
5.670401307488199,0.3891765352030575,0.40995714978217873,0.20086631501476404,0.42248145264796977,0.41523010424681533,0.16228844310521476
5.770401307488199,0.3785591807890316,0.4143703859844614,0.20707043322650723,0.41596881411495884,0.4208889194166094,0.1631422664684316
5.870401307488199,0.3682221737567187,0.4184802044199358,0.21329762182334577,0.409721598455129,0.42640727040310944,0.1638711311417614
5.970401307488198,0.3581721315059637,0.4222862608610987,0.21954160763293779,0.40370168053335304,0.43178616028384986,0.16451215918279696
6.070401307488198,0.3484143864147138,0.4257894282914732,0.22579618529381326,0.3978711238874834,0.43702580386429984,0.1651030722482166
6.170401307488198,0.3389530330394859,0.4289917268439473,0.23205524011656706,0.39219287062021346,0.44212555653377156,0.16568157284601487
6.270401307488197,0.32979098306215715,0.4318962476774281,0.23831276926041497,0.38663131049965,0.44708387217771184,0.16628481732263803
6.370401307488197,0.32093002658906283,0.43450707227482593,0.24456290113611148,0.38115272534681266,0.45189828741283145,0.16694898724035576
6.4704013074881965,0.31237089844313765,0.43682918858083697,0.2507999129760256,0.3757256113970391,0.45656542887292234,0.16770895973003846
6.570401307488196,0.3041133481499377,0.4388684053099169,0.25701824654014566,0.3703208878188396,0.46108104000090616,0.16859807218025413
6.670401307488196,0.2961562123989497,0.4406312656485153,0.2632125219525353,0.364912003814627,0.4654400237676318,0.16964797241774104
6.7704013074881955,0.2884974888577965,0.4421249614561987,0.269377549686005,0.3594749596912874,0.4696364979028197,0.17088854240589282
6.870401307488195,0.2811344103241541,0.44335724894254086,0.2755083407333052,0.3539882590514497,0.4736638595469977,0.1723478814015525
6.970401307488195,0.2740635183141398,0.4443363666649636,0.2816001150208967,0.34843280996539244,0.47751485667362736,0.17405233336098008
7.070401307488194,0.26728073530280233,0.44507095656089757,0.28764830813630016,0.3427917928268848,0.481181664148563,0.1760265430245521
7.170401307488194,0.26078143494883443,0.44556998859894065,0.293648576452225,0.3370505117767923,0.48465596285431944,0.1782935253688882
7.270401307488194,0.25456050974898836,0.44584268951076217,0.2995968007402495,0.33119624529175445,0.48792902087908546,0.18087473382916003
7.370401307488193,0.24861243567568728,0.44589847595038445,0.3054890883739283,0.32521810995391986,0.490991776329828,0.18379011371625206
7.470401307488193,0.24293133345230014,0.4457468923216648,0.3113217742260351,0.3191069496795848,0.49383492185462036,0.18705812846579473
7.570401307488193,0.23751102621327982,0.4453975534192879,0.3170914203674323,0.31285526088778953,0.49644899143469395,0.19069574767751643
7.670401307488192,0.2323450933800818,0.4448600919439013,0.3227948146760169,0.3064571622915798,0.49882445041755274,0.19471838729086735
7.770401307488192,0.22742692065809011,0.44414411087834305,0.32842896846356684,0.29990841621294495,0.5009517900962728,0.19913979369078222
7.8704013074881916,0.22274974612460569,0.4432591406490564,0.33399111322633795,0.2932065065413437,0.502821628384842,0.2039718650738142
7.970401307488191,0.21830670243348493,0.44221460094436027,0.33947869662215485,0.28635077663137587,0.50442481828281,0.209224405085814
8.070401307488192,0.21409085520864596,0.44101976701862816,0.34488937777272594,0.27934262850365094,0.5057525658515949,0.2149048056447541
8.170401307488191,0.2100952377369262,0.43968374027789725,0.35022102198517663,0.27218578259919135,0.5067965593257313,0.2210176580750772
8.270401307488191,0.20631288210132934,0.43821542291714183,0.3554716949815289,0.26488659496540695,0.5075491107410729,0.22756429429352
8.37040130748819,0.20273684691925756,0.4366234963615359,0.3606396567192066,0.25745442605406055,0.5080033110652247,0.23454226288071459
8.47040130748819,0.19936024186763074,0.4349164032526004,0.3657233548797689,0.2499020522435046,0.5081531992526307,0.2419447485038645
8.57040130748819,0.19617624918860527,0.4331023327143121,0.3707214180970827,0.24224610774795133,0.5079939449120511,0.24975994733999735
8.67040130748819,0.19317814237665387,0.4311892086332009,0.3756326489901452,0.2345075407822515,0.5075220433697596,0.25797041584798874
8.77040130748819,0.1903593022507598,0.42918468068938814,0.380456017059852,0.2267120638083312,0.506735520850853,0.26655241534081564
8.870401307488189,0.18771323061507084,0.42709611788169455,0.38519065150323456,0.218890573566718,0.5056341463110379,0.27547528012224404
8.970401307488189,0.18523356170815733,0.4249306042987096,0.38983583399313304,0.21107951263912897,0.5042196451766463,0.28470084218422465
9.070401307488188,0.1829140716355732,0.42269493689846827,0.3943909914659585,0.20332114082073424,0.5024959089547586,0.2941829502245071
9.170401307488188,0.18074868597321686,0.4203956250716118,0.39885568895517126,0.19566368200026113,0.5004691934404213,0.30386712455931747
9.270401307488187,0.1787314857204649,0.4180388917761575,0.40322962250337757,0.1881613110034616,0.49814829717309816,0.31369039182344016
9.370401307488187,0.17685671177257603,0.4156306760458823,0.40751261218154167,0.18087394542534435,0.4955447109905396,0.32358134358411594
9.470401307488187,0.1751187680717589,0.413176636688514,0.4117045952397271,0.17386681031428958,0.49267272910995163,0.3334604605757587
9.570401307488186,0.1735122235858351,0.4106821570041429,0.41580561941002203,0.16720974905773242,0.48954951224145277,0.34324073870081473
9.670401307488186,0.1720318132528311,0.40815235036830444,0.41981583637886444,0.1609762621980294,0.4861950938951528,0.3528286439068177
9.770401307488186,0.17067243801928852,0.40559206653785984,0.4237354954428516,0.15524226721890746,0.48263232233478254,0.3621254104463099
9.870401307488185,0.1694291640897313,0.40300589855097985,0.4275649373592888,0.1500845863655424,0.4788867325649545,0.371028681069503
9.970401307488185,0.16829722149469417,0.40039819010512134,0.43130458840018443,0.1455791857669834,0.4749863452666349,0.37943446896638156
10.070401307488185,0.16727200207508075,0.39777304330879737,0.4349549546161218,0.14179920666810977,0.47096139260597947,0.3872394007259106
10.170401307488184,0.16634905697144836,0.3951343267141381,0.43851661631441347,0.13881284729677326,0.4668439741664913,0.3943431785367353
10.270401307488184,0.16552409369815382,0.3924856835476929,0.4419902227541532,0.13668117039738475,0.4626676496764778,0.4006511799261373
10.370401307488184,0.16479297287416605,0.3898305400666216,0.4453764870592123,0.1354559252284133,0.45846697847589674,0.4060770962956898
10.470401307488183,0.16415170467477047,0.3871721139763745,0.44867618134885495,0.13517748233251842,0.4542770185357032,0.41054549913177824
10.570401307488183,0.16359644506136037,0.3845134228541765,0.45189013208446305,0.13587298330961312,0.45013280007657414,0.4139942166138125
10.670401307488182,0.16312349184002134,0.3818572925301347,0.45501921562984393,0.1375548051764841,0.4460687902476842,0.41637640457583147
10.770401307488182,0.16272928059365652,0.3792063653846142,0.4580643540217292,0.14021942921566125,0.4421183658044295,0.417662204979909
10.870401307488182,0.16241038052695006,0.37656310852670316,0.4610265109463467,0.1438467876597149,0.43831331023377884,0.417839902106506
10.970401307488181,0.1621634902585023,0.3739298218241525,0.46390668791734513,0.14840013895434293,0.43468335037034045,0.4169165106753164
11.070401307488181,0.1619854335899675,0.37130864576017414,0.4667059206498583,0.1538264951598771,0.43125574535676214,0.4149177594833605
11.17040130748818,0.1618731552779542,0.3687015690969408,0.4694252756251049,0.16005759527008837,0.42805493802157313,0.41188746670833826
11.27040130748818,0.161823716830783,0.366110436329604,0.4720658468396129,0.16701138816143493,0.4251022756065558,0.40788633623200904
11.37040130748818,0.16183429234890648,0.3635369549181621,0.47462875273293126,0.1745939609349369,0.42241580351589436,0.40299023554916846
11.47040130748818,0.16190216442485503,0.3609827022876124,0.4771151332875324,0.18270182480562247,0.4200101326081457,0.39728804258623157
11.57040130748818,0.16202472011594954,0.35844913258954264,0.47952614729450765,0.19122445324828882,0.41789637770188687,0.39087916904982406
11.670401307488179,0.16219944700069483,0.35593758322069385,0.48186296977861115,0.20004695703940656,0.4160821625599744,0.3838708804006188
11.770401307488179,0.1624239293277066,0.35344928109609064,0.4841267895762026,0.20905277864604194,0.41457168474353334,0.37637553661042444
11.870401307488178,0.16269584426420883,0.3509853486761163,0.48631880705967473,0.2181262938703664,0.4133658324185322,0.3685078737111011
11.970401307488178,0.16301295824954323,0.34854680974843877,0.48844023200201786,0.22715522085996503,0.4124623444409997,0.3603824346990349
12.070401307488178,0.16337312345773702,0.3461345949669942,0.49049228157526864,0.23603275410876506,0.4118560047906763,0.3521112411005583
12.170401307488177,0.1637742743719601,0.3437495471513324,0.4924761784767074,0.24465936213282716,0.4115388625916771,0.34380177527549544
12.270401307488177,0.16421442447264925,0.3413924263505455,0.4943931491768051,0.25294421021551233,0.4115004694645653,0.3355553203199221
12.370401307488176,0.1646916630401689,0.3390639146767593,0.4962444222830717,0.2608061921599641,0.41172812670686243,0.3274656811331732
12.470401307488176,0.16520415207209882,0.33676462091377934,0.49803122701412167,0.2681745757902081,0.41220713571385537,0.3196182884959362
12.570401307488176,0.16575012331457564,0.33449508490697794,0.49975479177844623,0.2749892847944885,0.4129210460547398,0.3120896691507714
12.670401307488175,0.16632787540655442,0.3322557817408857,0.5014163428525596,0.2812008536173932,0.413851896650165,0.30494724973244147
12.770401307488175,0.16693577113538557,0.33004712571123984,0.5030171031533743,0.2867701021202345,0.414980446509566,0.2982494513701992
12.870401307488175,0.16757223480171352,0.3278694740984415,0.5045582910998447,0.2916675826679556,0.4162863924468392,0.29204602488520487
12.970401307488174,0.16823574969138233,0.32572313074950693,0.5060411195591106,0.29587285450423717,0.4177485720789077,0.2863785734168548
13.070401307488174,0.16892485565177792,0.3236083494756628,0.5074667948725591,0.29937363930459826,0.4193451512108383,0.28128120948456314
13.170401307488174,0.16963814676983174,0.3215253372727547,0.5088365159574134,0.3021649083368555,0.4210537954179365,0.2767812962452077
13.270401307488173,0.17037426914875536,0.3194742573716037,0.5101514734796408,0.30424794643564734,0.4228518262494465,0.2729002273149059
13.370401307488173,0.17113191878046052,0.31745523212538157,0.5114128490941577,0.3056294317073401,0.4247163630034648,0.2696542052891948
13.470401307488173,0.17190983951053956,0.315468345740972,0.5126218147484883,0.3063205631341179,0.4266244514639006,0.26705498540198125
13.570401307488172,0.17270682109263227,0.3135136468611592,0.5137795320462084,0.3063362615361068,0.42855318135415976,0.26511055710973314
13.670401307488172,0.17352169732898268,0.31159115100433804,0.5148871516666792,0.305694463042788,0.43047979455496915,0.26382574240224255
13.770401307488171,0.17435334429398866,0.30970084286827193,0.5159458128377393,0.3044155185552846,0.43238178636069247,0.26320269508402266
13.870401307488171,0.175200678637566,0.3078426785042458,0.5169566428581881,0.30252170776693854,0.43423700221321354,0.2632412900198477
13.97040130748817,0.17606265596518295,0.3060165873677717,0.5179207566670453,0.3000368721683268,0.4360237324562265,0.2639393953754465
14.07040130748817,0.1769382692914684,0.30422247425180554,0.518839256456726,0.2969861680327344,0.43772080769401056,0.26529302427325485
14.17040130748817,0.17782654756435595,0.3024602211082302,0.5197132313274139,0.29339593753979604,0.4393076973127941,0.26729636514740973
14.27040130748817,0.17872655425679285,0.3007296887631543,0.5205437569800528,0.2892936937922957,0.44076461362176556,0.26994169258593864
14.37040130748817,0.17963738602311696,0.2990307185313667,0.5213318954455163,0.2847082133395537,0.44207262388386065,0.27321916277658553
14.470401307488169,0.18055817141728533,0.2973631337350786,0.522078694847636,0.27966972776458776,0.44321377222054725,0.2771165000148649
14.570401307488169,0.18148806967022088,0.29572674113187924,0.5227851891978998,0.2742102037590686,0.4441712129756058,0.28161858326532546
14.670401307488168,0.18242626952363145,0.29412133225662485,0.5234523982197437,0.2683636987651482,0.444929356596426,0.28670694463842566
14.770401307488168,0.18337198811774366,0.29254668468178063,0.5240813272004756,0.2621667766120969,0.44547402842617995,0.292359194961723
14.870401307488168,0.18432446993048443,0.29100256320053736,0.5246729668689781,0.25565896457685927,0.4457926399901333,0.2985483954330074
14.970401307488167,0.18528298576573288,0.2894887209368311,0.5252282932974359,0.2488832299744342,0.44587437140628183,0.30524239861928393
15.070401307488167,0.1862468317883561,0.2880049003862076,0.5257482678254363,0.24188645083504515,0.4457103624678649,0.31240318669708994
15.170401307488167,0.18721532860383108,0.2865508343912892,0.5262338370048797,0.23471985163230671,0.4452939087610673,0.319986239606626
15.270401307488166,0.18818782038034373,0.28512624705542666,0.5266859325642296,0.22743937165879696,0.4446206579403713,0.3279399704008317
15.370401307488166,0.18916367401134238,0.2837308545979462,0.5271054713907114,0.22010593085519722,0.44368880004991407,0.3362052690948887
15.470401307488165,0.19014227831660813,0.2823643661542379,0.527493355529154,0.21278555611079458,0.4424992446331328,0.3447151992560726
15.570401307488165,0.1911230432799876,0.281026484523772,0.5278504721962404,0.2055493307394467,0.4410557764113763,0.35339489284917697
15.670401307488165,0.19210539932201356,0.2797169068689783,0.528177693809008,0.19847313148142245,0.4393651806410851,0.36216168787749237
15.770401307488164,0.19308879660571773,0.2784353253677751,0.5284758780265071,0.19163712143708705,0.4374373289858404,0.3709255495770724
15.870401307488164,0.19407270437401583,0.2771814278223945,0.5287458678035896,0.18512497415679655,0.43528521696149486,0.3795898088817085
15.970401307488164,0.19505661031711782,0.27595489822701724,0.5289884914558649,0.1790228138843626,0.43292494480461274,0.3880522413110246
16.070401307488165,0.19604001996848733,0.2747554172965983,0.5292045627349143,0.17341786964290665,0.430375635015789,0.3962064953413043
16.170401307488167,0.19702245612794203,0.27358266295914485,0.5293948809129131,0.16839685614097,0.427659281832031,0.40394386202699895
16.270401307488168,0.19800345831055244,0.2724363108135871,0.5295602308758605,0.16404411172079084,0.42480053042290594,0.4111553578563032
16.37040130748817,0.1989825822200593,0.27131603455527276,0.529701383224668,0.16043954179900155,0.4218263865624006,0.4177340716385978
16.47040130748817,0.19995939924559006,0.2702215063710071,0.5298190943834029,0.15765643419701697,0.4187658607279652,0.42357770507501785
16.570401307488172,0.20093349598051272,0.2691523973054599,0.5299141067140275,0.1557592289414902,0.4156495538044264,0.4285912172540834
16.670401307488174,0.20190447376232074,0.26810837760066214,0.5299871486370173,0.15480133795679332,0.41250919458563273,0.432689467457574
16.770401307488175,0.20287194823249555,0.2670891170102237,0.530038934757281,0.15482311805692567,0.40937714183492946,0.43579974010814493
16.870401307488176,0.20383554891534372,0.2660942850898156,0.530070165994841,0.15585010250047085,0.40628586557861235,0.4378640319209169
16.970401307488178,0.2047949188148543,0.2651235514653759,0.5300815297197702,0.15789159124472973,0.40326742340775085,0.4388409853475195
17.07040130748818,0.20574971402866757,0.2641765860804199,0.5300736998909129,0.16093968763791539,0.4003529477666819,0.43870736459540277
17.17040130748818,0.20669960337829127,0.26325305942375893,0.5300473371979502,0.16496885000081696,0.3975721595045487,0.4374589904946343
17.270401307488182,0.20764426805474082,0.2623526427388622,0.5300030892063974,0.16993600144022605,0.394952921432904,0.43511107712686997
17.370401307488184,0.20858340127882175,0.2614750082160258,0.5299415905051529,0.1757812120019456,0.39252084341075716,0.43169794458729727
17.470401307488185,0.20951670797530914,0.260619829168451,0.5298634628562403,0.18242893608989533,0.3902989477630159,0.4272721161470888
17.570401307488186,0.2104439044603158,0.259786780193271,0.5297693153464136,0.1897897573956027,0.3883074008512724,0.421902841753125
17.670401307488188,0.21136471814117555,0.25897553731850914,0.5296597445403157,0.19776256585488006,0.3865633135822036,0.41567412056291647
17.77040130748819,0.21227888722820018,0.2581857781368946,0.5295353346349057,0.20623706857543678,0.38508061076314526,0.40868232066141813
17.87040130748819,0.21318616045770042,0.25741718192741164,0.5293966576148883,0.21509652096763926,0.3838699666633393,0.4010335123690216
17.970401307488192,0.2140862968256907,0.25666942976540835,0.5292442734089013,0.22422055650040454,0.3829388020307416,0.39284064146885406
18.070401307488194,0.2149790653317259,0.2559422046220433,0.5290787300462312,0.23348799387823163,0.3822913362135109,0.38422066990825765
18.170401307488195,0.21586424473234506,0.2552351914538062,0.5289005638138492,0.2427795085247283,0.38192868695834475,0.3752918045169272
18.270401307488196,0.21674162330362243,0.25454807728280476,0.5287102994135733,0.25198006993613,0.3818490098791806,0.36617092018468966
18.370401307488198,0.21761099861235103,0.2538805512684726,0.5285084501191769,0.26098106611601857,0.38204766945328994,0.3569712644306917
18.4704013074882,0.21847217729540638,0.25323230477131253,0.5282955179332817,0.26968205901599274,0.38251743363237367,0.3478005073516338
18.5704013074882,0.21932497484686064,0.2526030314092574,0.5280719937438826,0.27799213871809825,0.3832486846708149,0.33875917661108707
18.670401307488202,0.22016921541243784,0.2519924271071942,0.5278383574803686,0.28583086717257333,0.3842296394895817,0.32993949333784517
18.770401307488203,0.2210047315909211,0.2514001901401672,0.5275950782689124,0.2931288231163378,0.3854465737376031,0.32142460314605936
18.870401307488205,0.22183136424214164,0.25082602117074426,0.5273426145871147,0.2998277772144751,0.3868840446192358,0.31328817816628934
18.970401307488206,0.22264896230119713,0.25026962328100394,0.5270814144177995,0.30588053980794977,0.38852510847606025,0.30559435171599025
19.070401307488208,0.22345738259856435,0.24973070199957137,0.5268119154018649,0.31125053267308245,0.39035153000586975,0.29839793732104813
19.17040130748821,0.22425648968578757,0.24920896532410758,0.5265345449901054,0.3159111410420297,0.39234398084510197,0.29174487811286864
19.27040130748821,0.22504615566643926,0.24870412373963183,0.5262497205939295,0.31984490323755654,0.394482226016605,0.28567287074583875
19.370401307488212,0.22582626003206466,0.2482158902330334,0.5259578497349026,0.32304259327929696,0.3967452974437375,0.2802121092769658
19.470401307488213,0.22659668950283626,0.24774398030410807,0.5256593301930562,0.3255022474648918,0.3991116543513335,0.275386098183775
19.570401307488215,0.2273573378726572,0.24728811197343376,0.5253545501539096,0.32722817997644565,0.4015593309150057,0.271212489108549
19.670401307488216,0.22810810585846544,0.24684800578738025,0.5250438883541548,0.32823002571657933,0.40406607198618233,0.26770390229723867
19.770401307488218,0.22884890095350371,0.2464233848205299,0.524727714225967,0.32852184144429813,0.40660945811612603,0.26486870043957617
19.87040130748822,0.22957963728433023,0.24601397467576824,0.5244063880399021,0.32812128933634555,0.4091670214333183,0.2627116892303365
19.97040130748822,0.2303002354713584,0.24561950348228753,0.5240802610463547,0.3270489206847865,0.41171635419993835,0.2612347251152754
20.070401307488222,0.23101062249272264,0.2452397018917297,0.5237496756155483,0.325327571763817,0.4142352120884886,0.26043721614769466
20.170401307488223,0.23171073155127891,0.24487430307268163,0.5234149653760402,0.32298187904770437,0.41670161438091174,0.26031650657138417
20.270401307488225,0.23240050194455733,0.24452304270372038,0.523076455351723,0.32003791692886646,0.41909394339947204,0.2608681396716618
20.370401307488226,0.23307987893749446,0.24418565896519343,0.5227344620973128,0.3165229577864924,0.42139104552814927,0.2620859966853586
20.470401307488228,0.23374881363778127,0.24386189252990603,0.5223892938323134,0.3124653515548635,0.4235723361692189,0.2639623122759179
20.57040130748823,0.23440726287367147,0.24355148655287623,0.522041250573453,0.30789451966750747,0.42561791089292644,0.2664875694395663
20.67040130748823,0.23505518907410305,0.24325418666030602,0.5216906242655917,0.3028410562258165,0.42750866486677747,0.2696502789074063
20.770401307488232,0.2356925601509941,0.2429697409379072,0.5213376989110994,0.2973369272789027,0.42922642238090214,0.2734366503401954
20.870401307488233,0.23631934938358104,0.24269789991870988,0.5209827506977098,0.29141575704281875,0.4307540779021281,0.27783016505505337
20.970401307488235,0.23693553530467498,0.24243841657047135,0.5206260481248545,0.2851131876001026,0.43207574957731826,0.2828110628225794
21.070401307488236,0.2375411015887189,0.2421910462827954,0.5202678521284865,0.27846729601648046,0.43317694545447055,0.28835575852904927
21.170401307488238,0.23813603694153476,0.24195554685406168,0.5199084162044043,0.2715190498572995,0.4340447418917322,0.2944362082509685
21.27040130748824,0.23872033499165646,0.24173167847825774,0.5195479865300866,0.2643127788152572,0.43466797268204027,0.30101924850270273
21.37040130748824,0.2392939941831505,0.24151920373179786,0.5191868020850524,0.2568966366830122,0.4350374263484752,0.30806593696851287
21.470401307488242,0.2398570176698324,0.24131788756040562,0.5188250947697628,0.24932302441253684,0.4351460478912991,0.3155309276961643
21.570401307488243,0.24040941321079212,0.24112749726613014,0.5184630895230785,0.24164894177671048,0.4349891400379561,0.3233619181853337
21.670401307488245,0.24095119306714827,0.24094780249455922,0.5181010044382933,0.2339362325482489,0.4345645578263806,0.33149920962537077
21.770401307488246,0.241482373899955,0.24077857522228585,0.51773905087776,0.22625168656499742,0.433872889222006,0.3398754242129969
21.870401307488248,0.2420029766691915,0.24061958974467954,0.5173774335861298,0.21866696203010247,0.4329176135269913,0.3484154244429065
21.97040130748825,0.24251302653376863,0.2404706226640069,0.5170163508022252,0.2112582933771597,0.4317052286926885,0.3570364779301521
22.07040130748825,0.24301255275249212,0.24033145287794178,0.5166559943695669,0.20410595444611485,0.43024533840011275,0.36564870715377273
22.17040130748825,0.2435015885859258,0.24020186156849904,0.5162965498455759,0.19729345389287978,0.4285506900244791,0.37415585608264146
22.270401307488253,0.24398017119910378,0.24008163219142237,0.5159381966094746,0.19090644985148014,0.4266371554217203,0.3824563947267999
22.370401307488255,0.2444483415650438,0.23997055046605043,0.5155811079689065,0.18503138380480308,0.4245236479039674,0.3904449682912298
22.470401307488256,0.24490614436901859,0.239868404365683,0.5152254512652992,0.17975384903352637,0.4222319707962111,0.39801418017026285
22.570401307488257,0.2453536279135458,0.23977498410846326,0.5148713879779917,0.17515672621744371,0.41978659552135883,0.4050566782611978
22.67040130748826,0.2457908440240613,0.23969008214878929,0.5145190738271502,0.1713181367536174,0.4172143701218658,0.41146749312451714
22.77040130748826,0.24621784795524343,0.2396134931692637,0.5141686588754937,0.1683092818453216,0.41454416231692265,0.4171465558377561
22.87040130748826,0.24663469829796064,0.23954501407318746,0.5138202876288527,0.16619225092159393,0.41180644439889874,0.4220013046795077
22.970401307488263,0.2470414568868169,0.2394844439775999,0.513474099135584,0.16501789491614602,0.40903283025491527,0.4259492748289391
23.070401307488265,0.2474381887082738,0.23943158420686483,0.5131302270848621,0.16482386690280731,0.40625557732604917,0.42892055577114385
23.170401307488266,0.24782496180933059,0.23938623828679842,0.5127887999038717,0.16563293335555837,0.4035070681837281,0.4308599984607138
23.270401307488267,0.2482018472067466,0.23934821193933364,0.5124499408539205,0.16745165311553814,0.4008192874587908,0.43172905942567136
23.37040130748827,0.24856891879679385,0.23931731307771165,0.5121137681254953,0.17026950782468836,0.3982233100220423,0.4315071821532696
23.47040130748827,0.24892625326552978,0.2392933518021894,0.5117803949322816,0.17405854760879727,0.39574881558387176,0.4301926368073312
23.57040130748827,0.24927392999958284,0.23927614039625036,0.5114499296041676,0.17877359031793522,0.3934236433310966,0.4278027663509685
23.670401307488273,0.24961203099744686,0.23926549332330221,0.5111224756792517,0.1843529834152472,0.39127339799606636,0.4243736185886867
23.770401307488275,0.2499406407812814,0.23926122722384527,0.5107981319948741,0.1907199068454721,0.3893211160500027,0.41995897710452545
23.870401307488276,0.2502598463092187,0.2392631609130917,0.5104769927776904,0.19778416533624724,0.387586997749346,0.414628836914407
23.970401307488277,0.2505697368881795,0.23927111537901533,0.510159147732806,0.2054443919794099,0.3860882077616746,0.4084674002589158
24.07040130748828,0.25087040408720196,0.23928491378081,0.509844682131989,0.21359056370575907,0.3848387442568362,0.40157069203740503
24.17040130748828,0.25116194165129,0.23930438144773258,0.5095336769009783,0.22210671498845633,0.38384937383163853,0.3940439111799054
24.27040130748828,0.25144444541579025,0.23932934587830637,0.5092262087059043,0.23087372969508044,0.3831276275569223,0.38599864274799744
24.370401307488283,0.25171801322130605,0.23935963673985874,0.5089223500388361,0.2397720926148296,0.38267785185691977,0.37755005552825077
24.470401307488284,0.251982744829162,0.23939508586836658,0.5086221693024724,0.248684491244437,0.3825013068671716,0.36881420188839154
24.570401307488286,0.2522387418374308,0.23943552726858153,0.5083257308939887,0.2574981737284667,0.3825963043434167,0.35990552192811676
24.670401307488287,0.25248610759753803,0.239480797114407,0.508033095288056,0.26610698876740885,0.38295837705466257,0.3509346341779287
24.77040130748829,0.2527249471314607,0.23953073374949777,0.5077443191190425,0.2744130559355331,0.3835804718157465,0.3420064722487205
24.87040130748829,0.2529553670495364,0.2395851776880524,0.5074594552624122,0.28232803826449027,0.3844531588170826,0.33321880291842726
24.97040130748829,0.2531774754689024,0.23964397161576897,0.5071785529153297,0.2897740113858533,0.38556485061185997,0.32466113800228685
25.070401307488293,0.25339138193258315,0.23970696039093348,0.5069016576764844,0.29668394353678096,0.3869020249507183,0.31641403151250086
25.170401307488294,0.2535971973292475,0.23977399104561026,0.5066288116251433,0.30300181727536923,0.38844944654871805,0.30854873617591283
25.270401307488296,0.25379503381365637,0.2398449127869042,0.5063600533994405,0.3086824362257995,0.3901903837794724,0.30112717999472816
25.370401307488297,0.2539850047278229,0.23991957699826355,0.5060954182739146,0.3136909684020721,0.39210681717917684,0.2942022144187511
25.4704013074883,0.25416722452290846,0.23999783724079285,0.5058349382362998,0.31800228183172596,0.39417963748270235,0.28781808068557174
25.5704013074883,0.2543418086818766,0.2400795492545453,0.5055786420635792,0.3216001287852493,0.3963888316881053,0.28201103952664547
25.6704013074883,0.25450887364293,0.24016457095976446,0.5053265553973066,0.3244762325625218,0.3987136563455762,0.276810111091902
25.770401307488303,0.25466853672375334,0.2402527624580447,0.505078700818203,0.32662932623119895,0.4011327978884154,0.27223787588038567
25.870401307488304,0.2548209160465875,0.2403439860333811,0.5048350979200324,0.3280641866942528,0.40362452036751795,0.26831129293822925
25.970401307488306,0.25496613046415934,0.24043810615307934,0.5045957633827625,0.3287907006654127,0.4061668014201414,0.2650424979144459
26.070401307488307,0.2551042994864914,0.24053498946849644,0.5043607110450133,0.32882299212832417,0.40873745770291625,0.26243955016875953
26.17040130748831,0.2552355432086174,0.24063450481558465,0.5041299519757991,0.32817863409606646,0.411314261353116,0.2605071045508175
26.27040130748831,0.25535998223922757,0.24073652321521039,0.5039034945455633,0.3268779612855219,0.4138750493156909,0.25924698939878715
26.37040130748831,0.2554777376302685,0.24084091787322126,0.5036813444965115,0.3249434948606733,0.4163978275899341,0.2586586775493926
26.470401307488313,0.25558893080752243,0.2409475641802352,0.5034635050122436,0.32239948575163324,0.41886087261052335,0.2587396416378434
26.570401307488314,0.25569368350219046,0.24105633971112586,0.5032499767866849,0.3192715792004973,0.4212428320823753,0.2594855887171274
26.670401307488316,0.25579211768350263,0.24116712422418005,0.5030407580923185,0.31558660002858685,0.4235228276337793,0.26089057233763385
26.770401307488317,0.25588435549237976,0.2412797996599029,0.5028358448477185,0.3113724555209649,0.42568056163116086,0.26294698284787427
26.87040130748832,0.2559705191761692,0.24139425013944843,0.5026352306843835,0.30665815061317225,0.4276964304020414,0.2656454189847863
26.97040130748832,0.25605073102447756,0.24151036196265335,0.5024389070128703,0.30147390806107494,0.42955164592809747,0.26897444601082754
27.07040130748832,0.2561251133061224,0.24162802360565314,0.5022468630882256,0.2958513843018369,0.431228367783467,0.27292024791469605
27.170401307488323,0.2561937882072242,0.2417471257180607,0.5020590860747163,0.28982396961601603,0.4327098466895965,0.2774661836943874
27.270401307488324,0.25625687777045947,0.2418675611196887,0.5018755611098531,0.2834271588538027,0.4339805805228671,0.28259226062333015
27.370401307488326,0.25631450383549476,0.24198922479679771,0.5016962713677088,0.27669897631359447,0.4350264829340561,0.2882745407523494
27.470401307488327,0.25636678798062124,0.2421120138978537,0.5015211981215264,0.2696804353364132,0.43583506391435944,0.2944845007492273
27.57040130748833,0.2564138514656077,0.24223582772877922,0.5013503208056145,0.26241600985111296,0.43639562067524534,0.30118836947364164
27.67040130748833,0.2564558151757898,0.24236056774768408,0.5011836170765275,0.25495409159643173,0.4366994361151047,0.3083464722884635
27.77040130748833,0.2564927995674122,0.24248613755906193,0.5010210628735272,0.24734740326427496,0.43673998095605837,0.3159126157796666
27.870401307488333,0.256524924614239,0.24261244290744108,0.5008626324783213,0.23965333464728625,0.43651311439845164,0.32383355095426203
27.970401307488334,0.2565523097554472,0.24273939167047853,0.5007082985740756,0.2319341664056919,0.43601727692608955,0.3320485566682185
28.070401307488336,0.25657507384481737,0.24286689385148727,0.5005580323036967,0.22425714473095268,0.43525366778728497,0.34048918748176227
28.170401307488337,0.25659333510123333,0.2429948615713887,0.5004118033273793,0.2166943704517846,0.4342263987746026,0.3490792307736127
28.27040130748834,0.25660721106050277,0.24312320906008247,0.5002695798794161,0.20932246847440242,0.43294261533702033,0.35773491618857717
28.37040130748834,0.2566168185285098,0.2432518526472279,0.5001313288242636,0.2022220082923743,0.43141257588819654,0.3663654158194291
28.47040130748834,0.2566222735357079,0.2433807107524316,0.49999701571186184,0.1954766539460959,0.4296496805171031,0.37487366553680096
28.570401307488343,0.25662369129296203,0.24350970387483764,0.49986660483220163,0.18917203238034494,0.4276704412303525,0.3831575263893025
28.670401307488344,0.2566211861487474,0.2436387545821178,0.4997400592691361,0.183394322519242,0.4254943873885484,0.3911112900922096
28.770401307488346,0.2566148715477099,0.2437677874988598,0.49961734095343163,0.17822858313496223,0.4231439021219698,0.3986275147430679
28.870401307488347,0.256604859990594,0.24389672929435352,0.4994984107150538,0.17375685499104399,0.42064398814767406,0.4055991568612819
28.97040130748835,0.25659126299554136,0.24402550866977582,0.4993832283346841,0.1700560907377427,0.4180219644273407,0.41192194483491656
29.07040130748835,0.2565741910607626,0.24415405634477555,0.4992717525944631,0.16719598330030994,0.4153070983187094,0.41749691838098063
29.17040130748835,0.2565537536285842,0.24428230504346168,0.49916394132795544,0.1652367785274585,0.41253018106205175,0.4222330404104897
29.270401307488353,0.25653005905086956,0.24441018947979845,0.4990597514693333,0.16422716910689295,0.40972305736872416,0.42604977352438284
29.370401307488354,0.2565032145558151,0.24453764634241232,0.4989591391017739,0.16420237277607008,0.4069181223111617,0.42887950491276816
29.470401307488356,0.25647332621611757,0.24466461427881664,0.4988620595050671,0.16518249752348282,0.4041478004555851,0.430669702020932
29.570401307488357,0.2564404989185105,0.24479103387906098,0.49876846720242984,0.16717128911675613,0.40144402308909954,0.43138468779414424
29.67040130748836,0.25640483633466526,0.24491684765881264,0.4986783160065234,0.17015534183343656,0.3988377194031328,0.4310069387634306
29.77040130748836,0.25636644089345123,0.24504200004187918,0.4985915590646709,0.17410383230357981,0.39635833661674585,0.4295378310796743
29.87040130748836,0.25632541375454854,0.2451664373421815,0.4985081489032713,0.1789688101619468,0.3940334023452538,0.4269977874927994
29.970401307488363,0.2562818547834062,0.2452901077451877,0.49842803747140735,0.1846860495924142,0.39188814019626816,0.42342581021131764
30.0,0.2562684907982024,0.245326558097073,0.4984049511047258,0.18653048123040283,0.39129102081565387,0.4221784979539433
