Time,Susceptible,Infected,Recovered
0.0,0.95,0.05,0.0
0.07040130748820261,0.9472876894159695,0.05200665586073373,0.0007056547232967343
0.17040130748820262,0.9433034523864321,0.05498148030477455,0.0017150673087932972
0.2704013074882026,0.9391565347793859,0.05810756852428489,0.002735896696329199
0.37040130748820266,0.9348371708758518,0.061390607697951,0.0037722214261970877
0.47040130748820264,0.9303349686351752,0.06483625870140416,0.00482877266342054
0.5704013074882026,0.9256389791983045,0.06845011844551774,0.0059109023561776195
0.6704013074882026,0.9207377695975777,0.07223767753069749,0.007024552871724708
0.7704013074882026,0.9156194983222711,0.07620427300145564,0.008176228676273153
0.8704013074882025,0.9102719939345927,0.08035503602437466,0.009372970041032519
0.9704013074882025,0.9046828374437257,0.08469483436565035,0.01062232819062386
1.0704013074882026,0.8988394496110095,0.08922820961445443,0.011932340774536029
1.1704013074882027,0.8927291847667906,0.09395930918818902,0.013311506045020283
1.2704013074882028,0.8863394330608111,0.09889181326815935,0.014768753671029556
1.3704013074882029,0.8796577333356931,0.10402885695199263,0.01631340971231429
1.470401307488203,0.8726718989982477,0.10937294807471312,0.017955152927039173
1.570401307488203,0.865370159354101,0.11492588134563048,0.019703959300268525
1.6704013074882031,0.8577413188514277,0.12068864967411787,0.02157003147445449
1.7704013074882032,0.8497749365284248,0.12666135381367571,0.02356370965789952
1.8704013074882033,0.8414615276507029,0.13284311173834182,0.025695360610955304
1.9704013074882034,0.8327927890291441,0.13923196947412722,0.027975241496728746
2.0704013074882033,0.8237618487939428,0.14582481543337958,0.030413335772677713
2.1704013074882034,0.8143635404352855,0.1526173006308836,0.03301915893383099
2.2704013074882035,0.8045946996792465,0.159603767482062,0.03580153283869163
2.3704013074882035,0.7944544812332228,0.16677719017629625,0.038768328590481085
2.4704013074882036,0.7839446906097614,0.17412912985798631,0.04192617953225252
2.5704013074882037,0.7730701241461663,0.18164970800607336,0.04528016784776055
2.670401307488204,0.7618389080363464,0.1893276014475286,0.0488334905161252
2.770401307488204,0.7502628247751549,0.19715006233817348,0.05258711288667177
2.870401307488204,0.7383576130201831,0.20510296616220716,0.05653942081760989
2.970401307488204,0.7261432246806591,0.2131708903109737,0.06068588500836737
3.070401307488204,0.713644021265738,0.2213372250807086,0.06501875365355352
3.1704013074882043,0.7008888904117164,0.22958431796955617,0.06952679161872752
3.2704013074882043,0.6879112633178269,0.2378936509642166,0.07419508571795656
3.3704013074882044,0.674749014798994,0.24624604911518466,0.07900493608582146
3.4704013074882045,0.661444230014458,0.25462191715919197,0.08393385282635012
3.5704013074882046,0.6480428257806936,0.26300149933479694,0.08895567488450945
3.6704013074882047,0.634594019743507,0.2713651559506839,0.09404082430580904
3.770401307488205,0.6211496474481252,0.27969364882141023,0.09915670373046458
3.870401307488205,0.6077633352328486,0.2879684265054507,0.10426823826170066
3.970401307488205,0.5944895454493938,0.29617189948559075,0.10933855506501541
4.070401307488205,0.581382519209132,0.3042876951259052,0.11432978566496282
4.170401307488205,0.568495149994703,0.3123008824970797,0.11920396750821732
4.270401307488204,0.5558778283422257,0.3201981580159351,0.12392401364183925
4.370401307488204,0.5435773026998795,0.3279679842797859,0.1284547130203346
4.470401307488204,0.5316356039204359,0.33560067642377367,0.13276371965579042
4.570401307488203,0.5200890802473531,0.3430884326728043,0.13682248707984251
4.670401307488203,0.508967585948477,0.3504253083429734,0.14060710570854953
4.770401307488203,0.4982938600594371,0.3576071351892599,0.144099004751303
4.870401307488202,0.48808312242477564,0.3646313905087513,0.14728548706647304
4.970401307488202,0.4783429030255066,0.3714970226157062,0.1501600743587872
5.0704013074882015,0.469073108304048,0.3782042410597757,0.15272265063617632
5.170401307488201,0.4602663157913622,0.38475428115810906,0.15497940305052876
5.270401307488201,0.4519082767601849,0.3911491530033153,0.15694257023649974
5.3704013074882,0.44397859673024787,0.39739138509269906,0.15863001817705302
5.4704013074882,0.43645155611325526,0.4034837721489613,0.16006467173778335
5.5704013074882,0.42929702854239826,0.4094291356574955,0.16127383580010612
5.670401307488199,0.42248145264796977,0.41523010424681533,0.16228844310521476
5.770401307488199,0.41596881411495884,0.4208889194166094,0.1631422664684316
5.870401307488199,0.409721598455129,0.42640727040310944,0.1638711311417614
5.970401307488198,0.40370168053335304,0.43178616028384986,0.16451215918279696
6.070401307488198,0.3978711238874834,0.43702580386429984,0.1651030722482166
6.170401307488198,0.39219287062021346,0.44212555653377156,0.16568157284601487
6.270401307488197,0.38663131049965,0.44708387217771184,0.16628481732263803
6.370401307488197,0.38115272534681266,0.45189828741283145,0.16694898724035576
6.4704013074881965,0.3757256113970391,0.45656542887292234,0.16770895973003846
6.570401307488196,0.3703208878188396,0.46108104000090616,0.16859807218025413
6.670401307488196,0.364912003814627,0.4654400237676318,0.16964797241774104
6.7704013074881955,0.3594749596912874,0.4696364979028197,0.17088854240589282
6.870401307488195,0.3539882590514497,0.4736638595469977,0.1723478814015525
6.970401307488195,0.34843280996539244,0.47751485667362736,0.17405233336098008
7.070401307488194,0.3427917928268848,0.481181664148563,0.1760265430245521
7.170401307488194,0.3370505117767923,0.48465596285431944,0.1782935253688882
7.270401307488194,0.33119624529175445,0.48792902087908546,0.18087473382916003
7.370401307488193,0.32521810995391986,0.490991776329828,0.18379011371625206
7.470401307488193,0.3191069496795848,0.49383492185462036,0.18705812846579473
7.570401307488193,0.31285526088778953,0.49644899143469395,0.19069574767751643
7.670401307488192,0.3064571622915798,0.49882445041755274,0.19471838729086735
7.770401307488192,0.29990841621294495,0.5009517900962728,0.19913979369078222
7.8704013074881916,0.2932065065413437,0.502821628384842,0.2039718650738142
7.970401307488191,0.28635077663137587,0.50442481828281,0.209224405085814
8.070401307488192,0.27934262850365094,0.5057525658515949,0.2149048056447541
8.170401307488191,0.27218578259919135,0.5067965593257313,0.2210176580750772
8.270401307488191,0.26488659496540695,0.5075491107410729,0.22756429429352
8.37040130748819,0.25745442605406055,0.5080033110652247,0.23454226288071459
8.47040130748819,0.2499020522435046,0.5081531992526307,0.2419447485038645
8.57040130748819,0.24224610774795133,0.5079939449120511,0.24975994733999735
8.67040130748819,0.2345075407822515,0.5075220433697596,0.25797041584798874
8.77040130748819,0.2267120638083312,0.506735520850853,0.26655241534081564
8.870401307488189,0.218890573566718,0.5056341463110379,0.27547528012224404
8.970401307488189,0.21107951263912897,0.5042196451766463,0.28470084218422465
9.070401307488188,0.20332114082073424,0.5024959089547586,0.2941829502245071
9.170401307488188,0.19566368200026113,0.5004691934404213,0.30386712455931747
9.270401307488187,0.1881613110034616,0.49814829717309816,0.31369039182344016
9.370401307488187,0.18087394542534435,0.4955447109905396,0.32358134358411594
9.470401307488187,0.17386681031428958,0.49267272910995163,0.3334604605757587
9.570401307488186,0.16720974905773242,0.48954951224145277,0.34324073870081473
9.670401307488186,0.1609762621980294,0.4861950938951528,0.3528286439068177
9.770401307488186,0.15524226721890746,0.48263232233478254,0.3621254104463099
9.870401307488185,0.1500845863655424,0.4788867325649545,0.371028681069503
9.970401307488185,0.1455791857669834,0.4749863452666349,0.37943446896638156
10.070401307488185,0.14179920666810977,0.47096139260597947,0.3872394007259106
10.170401307488184,0.13881284729677326,0.4668439741664913,0.3943431785367353
10.270401307488184,0.13668117039738475,0.4626676496764778,0.4006511799261373
10.370401307488184,0.1354559252284133,0.45846697847589674,0.4060770962956898
10.470401307488183,0.13517748233251842,0.4542770185357032,0.41054549913177824
10.570401307488183,0.13587298330961312,0.45013280007657414,0.4139942166138125
10.670401307488182,0.1375548051764841,0.4460687902476842,0.41637640457583147
10.770401307488182,0.14021942921566125,0.4421183658044295,0.417662204979909
10.870401307488182,0.1438467876597149,0.43831331023377884,0.417839902106506
10.970401307488181,0.14840013895434293,0.43468335037034045,0.4169165106753164
11.070401307488181,0.1538264951598771,0.43125574535676214,0.4149177594833605
11.17040130748818,0.16005759527008837,0.42805493802157313,0.41188746670833826
11.27040130748818,0.16701138816143493,0.4251022756065558,0.40788633623200904
11.37040130748818,0.1745939609349369,0.42241580351589436,0.40299023554916846
11.47040130748818,0.18270182480562247,0.4200101326081457,0.39728804258623157
11.57040130748818,0.19122445324828882,0.41789637770188687,0.39087916904982406
11.670401307488179,0.20004695703940656,0.4160821625599744,0.3838708804006188
11.770401307488179,0.20905277864604194,0.41457168474353334,0.37637553661042444
11.870401307488178,0.2181262938703664,0.4133658324185322,0.3685078737111011
11.970401307488178,0.22715522085996503,0.4124623444409997,0.3603824346990349
12.070401307488178,0.23603275410876506,0.4118560047906763,0.3521112411005583
12.170401307488177,0.24465936213282716,0.4115388625916771,0.34380177527549544
12.270401307488177,0.25294421021551233,0.4115004694645653,0.3355553203199221
12.370401307488176,0.2608061921599641,0.41172812670686243,0.3274656811331732
12.470401307488176,0.2681745757902081,0.41220713571385537,0.3196182884959362
12.570401307488176,0.2749892847944885,0.4129210460547398,0.3120896691507714
12.670401307488175,0.2812008536173932,0.413851896650165,0.30494724973244147
12.770401307488175,0.2867701021202345,0.414980446509566,0.2982494513701992
12.870401307488175,0.2916675826679556,0.4162863924468392,0.29204602488520487
12.970401307488174,0.29587285450423717,0.4177485720789077,0.2863785734168548
13.070401307488174,0.29937363930459826,0.4193451512108383,0.28128120948456314
13.170401307488174,0.3021649083368555,0.4210537954179365,0.2767812962452077
13.270401307488173,0.30424794643564734,0.4228518262494465,0.2729002273149059
13.370401307488173,0.3056294317073401,0.4247163630034648,0.2696542052891948
13.470401307488173,0.3063205631341179,0.4266244514639006,0.26705498540198125
13.570401307488172,0.3063362615361068,0.42855318135415976,0.26511055710973314
13.670401307488172,0.305694463042788,0.43047979455496915,0.26382574240224255
13.770401307488171,0.3044155185552846,0.43238178636069247,0.26320269508402266
13.870401307488171,0.30252170776693854,0.43423700221321354,0.2632412900198477
13.97040130748817,0.3000368721683268,0.4360237324562265,0.2639393953754465
14.07040130748817,0.2969861680327344,0.43772080769401056,0.26529302427325485
14.17040130748817,0.29339593753979604,0.4393076973127941,0.26729636514740973
14.27040130748817,0.2892936937922957,0.44076461362176556,0.26994169258593864
14.37040130748817,0.2847082133395537,0.44207262388386065,0.27321916277658553
14.470401307488169,0.27966972776458776,0.44321377222054725,0.2771165000148649
14.570401307488169,0.2742102037590686,0.4441712129756058,0.28161858326532546
14.670401307488168,0.2683636987651482,0.444929356596426,0.28670694463842566
14.770401307488168,0.2621667766120969,0.44547402842617995,0.292359194961723
14.870401307488168,0.25565896457685927,0.4457926399901333,0.2985483954330074
14.970401307488167,0.2488832299744342,0.44587437140628183,0.30524239861928393
15.070401307488167,0.24188645083504515,0.4457103624678649,0.31240318669708994
15.170401307488167,0.23471985163230671,0.4452939087610673,0.319986239606626
15.270401307488166,0.22743937165879696,0.4446206579403713,0.3279399704008317
15.370401307488166,0.22010593085519722,0.44368880004991407,0.3362052690948887
15.470401307488165,0.21278555611079458,0.4424992446331328,0.3447151992560726
15.570401307488165,0.2055493307394467,0.4410557764113763,0.35339489284917697
15.670401307488165,0.19847313148142245,0.4393651806410851,0.36216168787749237
15.770401307488164,0.19163712143708705,0.4374373289858404,0.3709255495770724
15.870401307488164,0.18512497415679655,0.43528521696149486,0.3795898088817085
15.970401307488164,0.1790228138843626,0.43292494480461274,0.3880522413110246
16.070401307488165,0.17341786964290665,0.430375635015789,0.3962064953413043
16.170401307488167,0.16839685614097,0.427659281832031,0.40394386202699895
16.270401307488168,0.16404411172079084,0.42480053042290594,0.4111553578563032
16.37040130748817,0.16043954179900155,0.4218263865624006,0.4177340716385978
16.47040130748817,0.15765643419701697,0.4187658607279652,0.42357770507501785
16.570401307488172,0.1557592289414902,0.4156495538044264,0.4285912172540834
16.670401307488174,0.15480133795679332,0.41250919458563273,0.432689467457574
16.770401307488175,0.15482311805692567,0.40937714183492946,0.43579974010814493
16.870401307488176,0.15585010250047085,0.40628586557861235,0.4378640319209169
16.970401307488178,0.15789159124472973,0.40326742340775085,0.4388409853475195
17.07040130748818,0.16093968763791539,0.4003529477666819,0.43870736459540277
17.17040130748818,0.16496885000081696,0.3975721595045487,0.4374589904946343
17.270401307488182,0.16993600144022605,0.394952921432904,0.43511107712686997
17.370401307488184,0.1757812120019456,0.39252084341075716,0.43169794458729727
17.470401307488185,0.18242893608989533,0.3902989477630159,0.4272721161470888
17.570401307488186,0.1897897573956027,0.3883074008512724,0.421902841753125
17.670401307488188,0.19776256585488006,0.3865633135822036,0.41567412056291647
17.77040130748819,0.20623706857543678,0.38508061076314526,0.40868232066141813
17.87040130748819,0.21509652096763926,0.3838699666633393,0.4010335123690216
17.970401307488192,0.22422055650040454,0.3829388020307416,0.39284064146885406
18.070401307488194,0.23348799387823163,0.3822913362135109,0.38422066990825765
18.170401307488195,0.2427795085247283,0.38192868695834475,0.3752918045169272
18.270401307488196,0.25198006993613,0.3818490098791806,0.36617092018468966
18.370401307488198,0.26098106611601857,0.38204766945328994,0.3569712644306917
18.4704013074882,0.26968205901599274,0.38251743363237367,0.3478005073516338
18.5704013074882,0.27799213871809825,0.3832486846708149,0.33875917661108707
18.670401307488202,0.28583086717257333,0.3842296394895817,0.32993949333784517
18.770401307488203,0.2931288231163378,0.3854465737376031,0.32142460314605936
18.870401307488205,0.2998277772144751,0.3868840446192358,0.31328817816628934
18.970401307488206,0.30588053980794977,0.38852510847606025,0.30559435171599025
19.070401307488208,0.31125053267308245,0.39035153000586975,0.29839793732104813
19.17040130748821,0.3159111410420297,0.39234398084510197,0.29174487811286864
19.27040130748821,0.31984490323755654,0.394482226016605,0.28567287074583875
19.370401307488212,0.32304259327929696,0.3967452974437375,0.2802121092769658
19.470401307488213,0.3255022474648918,0.3991116543513335,0.275386098183775
19.570401307488215,0.32722817997644565,0.4015593309150057,0.271212489108549
19.670401307488216,0.32823002571657933,0.40406607198618233,0.26770390229723867
19.770401307488218,0.32852184144429813,0.40660945811612603,0.26486870043957617
19.87040130748822,0.32812128933634555,0.4091670214333183,0.2627116892303365
19.97040130748822,0.3270489206847865,0.41171635419993835,0.2612347251152754
20.070401307488222,0.325327571763817,0.4142352120884886,0.26043721614769466
20.170401307488223,0.32298187904770437,0.41670161438091174,0.26031650657138417
20.270401307488225,0.32003791692886646,0.41909394339947204,0.2608681396716618
20.370401307488226,0.3165229577864924,0.42139104552814927,0.2620859966853586
20.470401307488228,0.3124653515548635,0.4235723361692189,0.2639623122759179
20.57040130748823,0.30789451966750747,0.42561791089292644,0.2664875694395663
20.67040130748823,0.3028410562258165,0.42750866486677747,0.2696502789074063
20.770401307488232,0.2973369272789027,0.42922642238090214,0.2734366503401954
20.870401307488233,0.29141575704281875,0.4307540779021281,0.27783016505505337
20.970401307488235,0.2851131876001026,0.43207574957731826,0.2828110628225794
21.070401307488236,0.27846729601648046,0.43317694545447055,0.28835575852904927
21.170401307488238,0.2715190498572995,0.4340447418917322,0.2944362082509685
21.27040130748824,0.2643127788152572,0.43466797268204027,0.30101924850270273
21.37040130748824,0.2568966366830122,0.4350374263484752,0.30806593696851287
21.470401307488242,0.24932302441253684,0.4351460478912991,0.3155309276961643
21.570401307488243,0.24164894177671048,0.4349891400379561,0.3233619181853337
21.670401307488245,0.2339362325482489,0.4345645578263806,0.33149920962537077
21.770401307488246,0.22625168656499742,0.433872889222006,0.3398754242129969
21.870401307488248,0.21866696203010247,0.4329176135269913,0.3484154244429065
21.97040130748825,0.2112582933771597,0.4317052286926885,0.3570364779301521
22.07040130748825,0.20410595444611485,0.43024533840011275,0.36564870715377273
22.17040130748825,0.19729345389287978,0.4285506900244791,0.37415585608264146
22.270401307488253,0.19090644985148014,0.4266371554217203,0.3824563947267999
22.370401307488255,0.18503138380480308,0.4245236479039674,0.3904449682912298
22.470401307488256,0.17975384903352637,0.4222319707962111,0.39801418017026285
22.570401307488257,0.17515672621744371,0.41978659552135883,0.4050566782611978
22.67040130748826,0.1713181367536174,0.4172143701218658,0.41146749312451714
22.77040130748826,0.1683092818453216,0.41454416231692265,0.4171465558377561
22.87040130748826,0.16619225092159393,0.41180644439889874,0.4220013046795077
22.970401307488263,0.16501789491614602,0.40903283025491527,0.4259492748289391
23.070401307488265,0.16482386690280731,0.40625557732604917,0.42892055577114385
23.170401307488266,0.16563293335555837,0.4035070681837281,0.4308599984607138
23.270401307488267,0.16745165311553814,0.4008192874587908,0.43172905942567136
23.37040130748827,0.17026950782468836,0.3982233100220423,0.4315071821532696
23.47040130748827,0.17405854760879727,0.39574881558387176,0.4301926368073312
23.57040130748827,0.17877359031793522,0.3934236433310966,0.4278027663509685
23.670401307488273,0.1843529834152472,0.39127339799606636,0.4243736185886867
23.770401307488275,0.1907199068454721,0.3893211160500027,0.41995897710452545
23.870401307488276,0.19778416533624724,0.387586997749346,0.414628836914407
23.970401307488277,0.2054443919794099,0.3860882077616746,0.4084674002589158
24.07040130748828,0.21359056370575907,0.3848387442568362,0.40157069203740503
24.17040130748828,0.22210671498845633,0.38384937383163853,0.3940439111799054
24.27040130748828,0.23087372969508044,0.3831276275569223,0.38599864274799744
24.370401307488283,0.2397720926148296,0.38267785185691977,0.37755005552825077
24.470401307488284,0.248684491244437,0.3825013068671716,0.36881420188839154
24.570401307488286,0.2574981737284667,0.3825963043434167,0.35990552192811676
24.670401307488287,0.26610698876740885,0.38295837705466257,0.3509346341779287
24.77040130748829,0.2744130559355331,0.3835804718157465,0.3420064722487205
24.87040130748829,0.28232803826449027,0.3844531588170826,0.33321880291842726
24.97040130748829,0.2897740113858533,0.38556485061185997,0.32466113800228685
25.070401307488293,0.29668394353678096,0.3869020249507183,0.31641403151250086
25.170401307488294,0.30300181727536923,0.38844944654871805,0.30854873617591283
25.270401307488296,0.3086824362257995,0.3901903837794724,0.30112717999472816
25.370401307488297,0.3136909684020721,0.39210681717917684,0.2942022144187511
25.4704013074883,0.31800228183172596,0.39417963748270235,0.28781808068557174
25.5704013074883,0.3216001287852493,0.3963888316881053,0.28201103952664547
25.6704013074883,0.3244762325625218,0.3987136563455762,0.276810111091902
25.770401307488303,0.32662932623119895,0.4011327978884154,0.27223787588038567
25.870401307488304,0.3280641866942528,0.40362452036751795,0.26831129293822925
25.970401307488306,0.3287907006654127,0.4061668014201414,0.2650424979144459
26.070401307488307,0.32882299212832417,0.40873745770291625,0.26243955016875953
26.17040130748831,0.32817863409606646,0.411314261353116,0.2605071045508175
26.27040130748831,0.3268779612855219,0.4138750493156909,0.25924698939878715
26.37040130748831,0.3249434948606733,0.4163978275899341,0.2586586775493926
26.470401307488313,0.32239948575163324,0.41886087261052335,0.2587396416378434
26.570401307488314,0.3192715792004973,0.4212428320823753,0.2594855887171274
26.670401307488316,0.31558660002858685,0.4235228276337793,0.26089057233763385
26.770401307488317,0.3113724555209649,0.42568056163116086,0.26294698284787427
26.87040130748832,0.30665815061317225,0.4276964304020414,0.2656454189847863
26.97040130748832,0.30147390806107494,0.42955164592809747,0.26897444601082754
27.07040130748832,0.2958513843018369,0.431228367783467,0.27292024791469605
27.170401307488323,0.28982396961601603,0.4327098466895965,0.2774661836943874
27.270401307488324,0.2834271588538027,0.4339805805228671,0.28259226062333015
27.370401307488326,0.27669897631359447,0.4350264829340561,0.2882745407523494
27.470401307488327,0.2696804353364132,0.43583506391435944,0.2944845007492273
27.57040130748833,0.26241600985111296,0.43639562067524534,0.30118836947364164
27.67040130748833,0.25495409159643173,0.4366994361151047,0.3083464722884635
27.77040130748833,0.24734740326427496,0.43673998095605837,0.3159126157796666
27.870401307488333,0.23965333464728625,0.43651311439845164,0.32383355095426203
27.970401307488334,0.2319341664056919,0.43601727692608955,0.3320485566682185
28.070401307488336,0.22425714473095268,0.43525366778728497,0.34048918748176227
28.170401307488337,0.2166943704517846,0.4342263987746026,0.3490792307736127
28.27040130748834,0.20932246847440242,0.43294261533702033,0.35773491618857717
28.37040130748834,0.2022220082923743,0.43141257588819654,0.3663654158194291
28.47040130748834,0.1954766539460959,0.4296496805171031,0.37487366553680096
28.570401307488343,0.18917203238034494,0.4276704412303525,0.3831575263893025
28.670401307488344,0.183394322519242,0.4254943873885484,0.3911112900922096
28.770401307488346,0.17822858313496223,0.4231439021219698,0.3986275147430679
28.870401307488347,0.17375685499104399,0.42064398814767406,0.4055991568612819
28.97040130748835,0.1700560907377427,0.4180219644273407,0.41192194483491656
29.07040130748835,0.16719598330030994,0.4153070983187094,0.41749691838098063
29.17040130748835,0.1652367785274585,0.41253018106205175,0.4222330404104897
29.270401307488353,0.16422716910689295,0.40972305736872416,0.42604977352438284
29.370401307488354,0.16420237277607008,0.4069181223111617,0.42887950491276816
29.470401307488356,0.16518249752348282,0.4041478004555851,0.430669702020932
29.570401307488357,0.16717128911675613,0.40144402308909954,0.43138468779414424
29.67040130748836,0.17015534183343656,0.3988377194031328,0.4310069387634306
29.77040130748836,0.17410383230357981,0.39635833661674585,0.4295378310796743
29.87040130748836,0.1789688101619468,0.3940334023452538,0.4269977874927994
29.970401307488363,0.1846860495924142,0.39188814019626816,0.42342581021131764
30.0,0.18653048123040283,0.39129102081565387,0.4221784979539433
